{"path":[{"R":[0.7314068675041199,-0.007636443246155977,0.008191496133804321,0.6818494200706482],"T":[0.3121981918811798,1.7901631593704224,0.9080427885055542],"aperture_size":0.0,"fov":50.625,"glow_mode":0,"glow_y_cutoff":0.0,"scale":1.3636358976364136,"slice":0.39259272813796997},{"R":[0.6764019131660461,0.21749314665794373,-0.22010257840156555,0.6683801412582397],"T":[-0.15518490970134735,2.623941421508789,1.3067268133163452],"aperture_size":0.0,"fov":68.99099731445313,"glow_mode":0,"glow_y_cutoff":0.0,"scale":2.1961493492126465,"slice":0.403703898191452},{"R":[0.11302754282951355,0.8811235427856445,-0.37416791915893555,0.26616597175598145],"T":[-0.8335713148117065,3.50724196434021,3.0580248832702637],"aperture_size":0.0,"fov":50.625,"glow_mode":0,"glow_y_cutoff":0.0,"scale":4.279674053192139,"slice":0.403703898191452}],"time":0.0}